id,medo,incerteza,solidao,tristeza,raiva,real_necessita_floral,predito_necessita_floral,probabilidade_predita
1,0.22,0.18,0.06,0.07,0.12,0,0,0.2443
2,0.85,0.92,0.72,0.75,0.61,1,1,0.9575
3,0.30,0.18,0.21,0.11,0.08,0,0,0.2501
4,0.14,0.14,0.02,0.31,0.24,0,0,0.1065
5,0.21,0.17,0.47,0.05,0.20,0,0,0.1837
6,0.69,0.71,0.45,0.72,0.40,1,1,0.7963
7,0.29,0.29,0.18,0.29,0.25,0,0,0.2798
8,0.90,0.59,0.47,0.36,0.34,1,1,0.9767
9,0.11,0.18,0.47,0.22,0.22,0,0,0.2312
10,0.77,0.81,0.44,0.47,0.48,1,1,0.9261
11,0.79,0.99,0.72,0.54,0.57,1,1,0.9388
12,0.12,0.19,0.08,0.34,0.06,0,0,0.0152
13,0.71,0.83,0.44,0.43,0.42,1,1,0.7397
14,0.65,0.71,0.46,0.33,0.68,1,1,0.7303
15,0.92,0.86,0.78,0.63,0.43,1,1,0.9702
16,0.17,0.28,0.24,0.03,0.25,0,0,0.2647
17,0.07,0.19,0.12,0.05,0.04,0,0,0.1309
18,0.74,0.62,0.67,0.74,0.34,1,1,0.7495
19,0.39,0.09,0.02,0.18,0.23,0,0,0.2858
20,0.26,0.06,0.38,0.37,0.02,0,0,0.1652
21,0.96,0.95,0.75,0.42,0.47,1,1,0.9396
22,0.86,0.91,0.85,0.33,0.64,1,1,0.9197
23,0.69,0.95,0.80,0.42,0.39,1,1,0.8159
24,0.16,0.28,0.49,0.14,0.23,0,0,0.0469
25,0.07,0.24,0.27,0.13,0.15,0,0,0.2186
26,0.33,0.09,0.40,0.36,0.14,0,0,0.1368
27,0.69,0.58,0.46,0.64,0.36,1,1,0.8407
28,0.63,0.52,0.47,0.32,0.26,1,1,0.7972
29,0.64,0.55,0.89,0.31,0.49,1,1,0.9169
30,0.23,0.24,0.43,0.10,0.01,0,0,0.0621
31,0.14,0.13,0.26,0.15,0.03,0,0,0.1260
32,0.94,0.66,0.64,0.71,0.34,1,1,0.8988
33,0.82,0.94,0.66,0.70,0.45,1,1,0.7710
34,0.19,0.23,0.24,0.05,0.03,0,0,0.1657
35,0.37,0.08,0.34,0.03,0.11,0,0,0.1171
36,0.19,0.17,0.12,0.15,0.13,0,0,0.1340
37,0.82,0.99,0.62,0.67,0.28,1,1,0.8202
38,0.76,0.82,0.77,0.52,0.26,1,1,0.7844
39,0.31,0.01,0.36,0.25,0.19,0,0,0.2127
40,0.69,0.52,0.70,0.48,0.43,1,1,0.8876
41,0.88,0.95,0.81,0.73,0.44,1,1,0.7225
42,0.76,0.87,0.72,0.70,0.23,1,1,0.9126
43,0.82,0.95,0.42,0.59,0.35,1,1,0.8529
44,0.98,0.60,0.63,0.32,0.36,1,1,0.7583
45,0.80,0.77,0.73,0.47,0.44,1,1,0.8899
46,0.68,0.66,0.65,0.58,0.39,1,1,0.9806
47,0.70,0.52,0.47,0.33,0.44,1,1,0.7301
48,0.67,0.59,0.83,0.72,0.44,1,1,0.9388
49,0.68,0.51,0.57,0.78,0.52,1,1,0.9740
50,0.21,0.11,0.04,0.08,0.25,0,0,0.1352
51,0.63,0.63,0.45,0.55,0.54,1,1,0.9576
52,0.91,0.70,0.41,0.58,0.61,1,1,0.9238
53,0.29,0.20,0.39,0.31,0.25,0,0,0.1032
54,0.84,0.61,0.53,0.64,0.39,1,1,0.7797
55,0.85,0.60,0.54,0.62,0.45,1,1,0.7099
56,0.97,0.99,0.74,0.56,0.33,1,1,0.8447
57,0.04,0.14,0.39,0.16,0.12,0,0,0.2163
58,0.64,0.85,0.75,0.49,0.24,1,1,0.7314
59,0.95,0.61,0.64,0.47,0.41,1,1,0.9213
60,0.32,0.17,0.42,0.04,0.05,0,0,0.1107
61,0.19,0.15,0.16,0.09,0.09,0,0,0.1706
62,0.62,0.53,0.64,0.49,0.32,1,1,0.8170
63,0.17,0.07,0.17,0.07,0.11,0,0,0.0152
64,0.18,0.26,0.04,0.34,0.19,0,0,0.1784
65,0.17,0.28,0.08,0.24,0.11,0,0,0.2625
66,0.33,0.14,0.49,0.11,0.26,0,0,0.0247
67,0.19,0.28,0.21,0.19,0.29,0,0,0.2785
68,0.31,0.05,0.34,0.16,0.17,0,0,0.2476
69,0.32,0.03,0.43,0.36,0.07,0,0,0.1278
70,0.11,0.05,0.36,0.23,0.24,0,0,0.2559
71,0.61,0.62,0.63,0.59,0.55,1,1,0.7460
72,0.26,0.09,0.47,0.12,0.17,0,0,0.0441
73,0.93,0.78,0.46,0.34,0.47,1,1,0.9575
74,0.21,0.23,0.18,0.38,0.19,0,0,0.2468
75,0.70,0.89,0.42,0.63,0.21,1,1,0.7818
76,0.62,0.54,0.44,0.34,0.32,1,1,0.9380
77,0.38,0.11,0.01,0.38,0.08,0,0,0.1652
78,0.37,0.49,0.29,0.47,0.36,1,0,0.4079
79,0.01,0.01,0.23,0.14,0.25,0,0,0.1741
80,0.84,0.61,0.81,0.42,0.49,1,1,0.9023
81,0.15,0.25,0.25,0.14,0.28,0,0,0.1979
82,0.79,0.87,0.49,0.42,0.60,1,1,0.9578
83,0.26,0.01,0.25,0.02,0.19,0,0,0.1895
84,0.72,0.99,0.77,0.52,0.23,1,1,0.9659
85,0.38,0.05,0.26,0.08,0.10,0,0,0.0820
86,0.38,0.26,0.10,0.22,0.26,0,0,0.1706
87,0.21,0.03,0.19,0.29,0.03,0,0,0.0815
88,0.75,0.52,0.44,0.42,0.31,1,1,0.9856
89,0.65,0.62,0.71,0.42,0.46,1,1,0.7056
90,0.97,0.65,0.49,0.46,0.21,1,1,0.8906
91,0.99,0.85,0.75,0.70,0.62,1,1,0.7876
92,0.20,0.21,0.27,0.26,0.24,0,0,0.0573
93,0.96,0.60,0.53,0.71,0.49,1,1,0.7674
94,0.67,0.69,0.61,0.41,0.42,1,1,0.7852
95,0.89,0.59,0.80,0.60,0.69,1,1,0.8354
96,0.75,0.99,0.48,0.41,0.56,1,1,0.7588
97,0.32,0.12,0.34,0.04,0.08,0,0,0.2435
98,0.12,0.20,0.27,0.08,0.20,0,0,0.2223
99,0.38,0.17,0.38,0.11,0.12,0,0,0.0934
100,0.66,0.58,0.56,0.54,0.35,1,1,0.7214
101,0.15,0.05,0.27,0.21,0.12,0,0,0.0807
102,0.67,0.71,0.59,0.67,0.39,1,1,0.8584
103,0.16,0.20,0.32,0.33,0.05,0,0,0.1292
104,0.34,0.19,0.44,0.20,0.01,0,0,0.1102
105,0.71,0.73,0.66,0.31,0.34,1,1,0.8872
106,0.88,0.81,0.86,0.54,0.67,1,1,0.7262
107,0.37,0.17,0.19,0.25,0.21,0,0,0.1037
108,0.01,0.22,0.34,0.13,0.12,0,0,0.2319
109,0.07,0.14,0.20,0.20,0.14,0,0,0.2294
110,0.64,0.98,0.54,0.70,0.30,1,1,0.9238
111,0.98,0.59,0.56,0.46,0.48,1,1,0.8710
112,0.93,0.92,0.64,0.39,0.54,1,1,0.9022
113,0.20,0.09,0.41,0.03,0.11,0,0,0.2917
114,0.39,0.20,0.20,0.21,0.18,0,0,0.1507
115,0.31,0.02,0.01,0.22,0.18,0,0,0.1802
116,0.82,0.56,0.68,0.52,0.64,1,1,0.8207
117,0.64,0.67,0.88,0.51,0.37,1,1,0.7712
118,0.32,0.29,0.42,0.03,0.08,0,0,0.0309
119,0.39,0.15,0.27,0.33,0.18,0,0,0.2647
120,0.38,0.06,0.08,0.23,0.15,0,0,0.2452
121,0.63,0.84,0.78,0.73,0.24,1,1,0.7936
122,0.33,0.05,0.03,0.34,0.12,0,0,0.2335
123,0.38,0.19,0.34,0.08,0.17,0,0,0.2709
124,0.74,0.98,0.44,0.55,0.46,1,1,0.9538
125,0.98,0.85,0.51,0.68,0.46,1,1,0.8887
126,0.23,0.07,0.38,0.02,0.09,0,0,0.2472
127,0.90,0.81,0.74,0.64,0.29,1,1,0.7788
128,0.39,0.02,0.47,0.24,0.20,0,0,0.2076
129,0.61,0.56,0.65,0.50,0.58,1,1,0.7196
130,0.81,0.53,0.48,0.77,0.54,1,1,0.9416
131,0.90,0.71,0.71,0.59,0.34,1,1,0.8643
132,0.94,0.72,0.74,0.52,0.41,1,1,0.9531
133,0.12,0.15,0.48,0.14,0.14,0,0,0.1309
134,0.20,0.23,0.45,0.24,0.23,0,0,0.0124
135,0.14,0.09,0.27,0.16,0.13,0,0,0.1764
136,0.09,0.05,0.17,0.06,0.07,0,0,0.2229
137,0.12,0.29,0.31,0.26,0.20,0,0,0.2183
138,0.30,0.14,0.05,0.17,0.24,0,0,0.0602
139,0.02,0.07,0.12,0.07,0.14,0,0,0.2678
140,0.31,0.12,0.36,0.11,0.29,0,0,0.2831
141,0.74,0.71,0.78,0.62,0.30,1,1,0.9080
142,0.13,0.07,0.16,0.30,0.17,0,0,0.1994
143,0.12,0.06,0.44,0.15,0.01,0,0,0.2872
144,0.32,0.27,0.08,0.38,0.29,0,0,0.2882
145,0.86,0.64,0.51,0.78,0.69,1,1,0.9255
146,0.67,0.53,0.47,0.34,0.38,1,1,0.8550
147,0.86,0.72,0.78,0.43,0.63,1,1,0.9002
148,0.87,0.99,0.56,0.45,0.69,1,1,0.8631
149,0.18,0.24,0.44,0.23,0.19,0,0,0.2520
150,0.74,0.92,0.88,0.68,0.50,1,1,0.8781
151,0.14,0.04,0.30,0.21,0.23,0,0,0.2514
152,0.36,0.01,0.19,0.20,0.17,0,0,0.0683
153,0.90,0.79,0.42,0.34,0.43,1,1,0.9427
154,0.25,0.09,0.25,0.07,0.28,0,0,0.2858
155,0.20,0.01,0.47,0.14,0.29,0,0,0.1406
156,0.64,0.92,0.78,0.34,0.31,1,1,0.9634
157,0.38,0.24,0.35,0.41,0.26,1,0,0.4770
158,0.78,0.98,0.74,0.45,0.31,1,1,0.9890
159,0.15,0.02,0.49,0.04,0.18,0,0,0.1039
160,0.91,0.91,0.73,0.73,0.61,1,1,0.9000
161,0.16,0.22,0.44,0.05,0.05,0,0,0.0450
162,0.26,0.10,0.23,0.31,0.26,0,0,0.2523
163,0.11,0.29,0.17,0.27,0.04,0,0,0.1685
164,0.16,0.02,0.43,0.33,0.10,0,0,0.1751
165,0.12,0.21,0.15,0.01,0.24,0,0,0.2359
166,0.30,0.08,0.05,0.35,0.07,0,0,0.0543
167,0.02,0.12,0.04,0.25,0.13,0,0,0.0381
168,0.34,0.15,0.24,0.17,0.26,0,0,0.1479
169,0.85,0.77,0.78,0.56,0.33,1,1,0.9123
170,0.98,0.71,0.79,0.69,0.63,1,1,0.9234
171,0.01,0.17,0.43,0.06,0.06,0,0,0.0844
172,0.96,0.98,0.87,0.67,0.44,1,1,0.8530
173,0.38,0.27,0.25,0.10,0.01,0,0,0.1539
174,0.89,0.70,0.80,0.50,0.58,1,1,0.9663
175,0.81,0.89,0.89,0.42,0.40,1,1,0.9785
176,0.75,0.54,0.46,0.48,0.24,1,1,0.7932
177,0.06,0.21,0.42,0.21,0.08,0,0,0.0652
178,0.08,0.12,0.27,0.17,0.04,0,0,0.0203
179,0.05,0.13,0.16,0.11,0.29,0,0,0.2177
180,0.31,0.03,0.45,0.34,0.07,0,0,0.2335
181,0.90,0.79,0.63,0.41,0.39,1,1,0.9628
182,0.91,0.77,0.67,0.37,0.26,1,1,0.9416
183,0.80,0.75,0.70,0.38,0.60,1,1,0.7570
184,0.63,0.86,0.77,0.70,0.61,1,1,0.8972
185,0.86,0.59,0.42,0.45,0.39,1,1,0.7302
186,0.95,0.56,0.80,0.41,0.52,1,1,0.7511
187,0.91,0.58,0.46,0.73,0.66,1,1,0.9080
188,0.06,0.19,0.08,0.05,0.21,0,0,0.0396
189,0.99,0.58,0.89,0.53,0.58,1,1,0.8402
190,0.07,0.03,0.20,0.15,0.01,0,0,0.1031
191,0.71,0.89,0.58,0.64,0.58,1,1,0.7371
192,0.19,0.27,0.10,0.38,0.28,0,0,0.2520
193,0.06,0.23,0.49,0.30,0.29,0,0,0.2338
194,0.38,0.20,0.04,0.04,0.20,0,0,0.0347
195,0.99,0.61,0.49,0.55,0.30,1,1,0.9610
196,0.31,0.24,0.25,0.37,0.27,0,0,0.1600
197,0.26,0.04,0.23,0.35,0.06,0,0,0.1709
198,0.93,0.98,0.56,0.42,0.23,1,1,0.9841
199,0.81,0.55,0.61,0.63,0.49,1,1,0.9654
200,0.99,0.60,0.72,0.56,0.39,1,1,0.7095
201,0.25,0.21,0.17,0.25,0.03,0,0,0.1413
202,0.39,0.14,0.11,0.25,0.28,0,0,0.2769
203,0.97,0.67,0.55,0.58,0.68,1,1,0.7164
204,0.38,0.16,0.13,0.32,0.22,0,0,0.0699
205,0.35,0.12,0.33,0.25,0.10,0,0,0.2741
206,0.36,0.19,0.13,0.13,0.17,0,0,0.1687
207,0.38,0.15,0.48,0.36,0.27,0,0,0.1994
208,0.13,0.04,0.10,0.21,0.27,0,0,0.2435
209,0.84,0.71,0.68,0.44,0.48,1,1,0.9688
210,0.65,0.90,0.65,0.70,0.68,1,1,0.7303
211,0.06,0.05,0.39,0.18,0.05,0,0,0.1519
212,0.36,0.12,0.22,0.37,0.14,0,0,0.1044
213,0.95,0.77,0.45,0.62,0.33,1,1,0.7674
214,0.15,0.21,0.13,0.07,0.16,0,0,0.1018
215,0.23,0.09,0.39,0.24,0.08,0,0,0.2868
216,0.32,0.27,0.02,0.19,0.10,0,0,0.1167
217,0.32,0.20,0.39,0.02,0.20,0,0,0.1542
218,0.69,0.56,0.63,0.43,0.50,1,1,0.7144
219,0.16,0.10,0.13,0.33,0.21,0,0,0.2241
220,0.39,0.20,0.40,0.21,0.26,0,0,0.1691
221,0.25,0.22,0.17,0.26,0.04,0,0,0.0911
222,0.94,0.88,0.50,0.69,0.50,1,1,0.9754
223,0.06,0.25,0.38,0.11,0.19,0,0,0.2062
224,0.02,0.21,0.27,0.24,0.05,0,0,0.1601
225,0.91,0.81,0.47,0.70,0.24,1,1,0.8809
226,0.62,0.65,0.68,0.43,0.36,1,1,0.8845
227,0.97,0.81,0.86,0.72,0.36,1,1,0.9825
228,0.87,0.87,0.74,0.44,0.33,1,1,0.7850
229,0.80,0.85,0.86,0.74,0.51,1,1,0.9329
230,0.39,0.18,0.35,0.22,0.24,0,0,0.2140
231,0.70,0.99,0.77,0.79,0.65,1,1,0.9575
232,0.31,0.02,0.47,0.28,0.10,0,0,0.2155
233,0.80,0.57,0.81,0.43,0.59,1,1,0.9238
234,0.04,0.23,0.33,0.07,0.26,0,0,0.0825
235,0.27,0.23,0.03,0.01,0.22,0,0,0.2132
236,0.35,0.06,0.05,0.30,0.23,0,0,0.0425
237,0.95,0.95,0.72,0.56,0.61,1,1,0.9333
238,0.02,0.02,0.10,0.03,0.24,0,0,0.0227
239,0.12,0.11,0.33,0.04,0.17,0,0,0.0768
240,0.36,0.27,0.48,0.14,0.25,0,0,0.0763
241,0.68,0.58,0.70,0.59,0.50,1,1,0.7675
242,0.75,0.95,0.69,0.34,0.62,1,1,0.8812
243,0.98,0.59,0.80,0.45,0.47,1,1,0.8441
244,0.86,0.83,0.58,0.41,0.33,1,1,0.7042
245,0.96,0.60,0.64,0.31,0.53,1,1,0.8756
246,0.88,0.54,0.72,0.61,0.61,1,1,0.7397
247,0.31,0.29,0.47,0.22,0.14,0,0,0.0573
248,0.12,0.07,0.41,0.25,0.03,0,0,0.0576
249,0.78,0.82,0.48,0.63,0.26,1,1,0.7831
250,0.99,0.99,0.71,0.79,0.64,1,1,0.8872
251,0.39,0.12,0.27,0.18,0.24,0,0,0.0460
252,0.20,0.03,0.27,0.23,0.17,0,0,0.0863
253,0.33,0.09,0.29,0.27,0.15,0,0,0.2415
254,0.66,0.72,0.58,0.43,0.49,1,1,0.9419
255,0.72,0.56,0.82,0.65,0.54,1,1,0.7869
256,0.23,0.01,0.39,0.24,0.03,0,0,0.1887
257,0.12,0.02,0.10,0.24,0.15,0,0,0.1843
258,0.97,0.66,0.87,0.63,0.35,1,1,0.9701
259,0.79,0.84,0.63,0.55,0.46,1,1,0.7710
260,0.19,0.07,0.25,0.08,0.16,0,0,0.2281
261,0.87,0.65,0.51,0.72,0.29,1,1,0.7410
262,0.70,0.95,0.54,0.75,0.34,1,1,0.8887
263,0.28,0.10,0.44,0.21,0.12,0,0,0.2608
264,0.82,0.87,0.41,0.42,0.35,1,1,0.9238
265,0.02,0.17,0.04,0.15,0.14,0,0,0.0384
266,0.39,0.14,0.20,0.35,0.24,0,0,0.1190
267,0.09,0.23,0.26,0.16,0.27,0,0,0.0847
268,0.35,0.21,0.14,0.15,0.17,0,0,0.2612
269,0.89,0.62,0.76,0.52,0.69,1,1,0.7135
270,0.61,0.97,0.49,0.39,0.68,1,1,0.8653
271,0.64,0.81,0.88,0.33,0.45,1,1,0.7301
272,0.31,0.16,0.17,0.31,0.18,0,0,0.1601
273,0.36,0.20,0.47,0.23,0.19,0,0,0.2039
274,0.87,0.69,0.81,0.57,0.43,1,1,0.8197
275,0.07,0.04,0.48,0.13,0.04,0,0,0.0435
276,0.22,0.14,0.38,0.09,0.24,0,0,0.2435
277,0.72,0.84,0.44,0.57,0.32,1,1,0.8524
278,0.38,0.29,0.35,0.37,0.03,0,0,0.2952
279,0.15,0.13,0.09,0.16,0.12,0,0,0.2227
280,0.83,0.92,0.74,0.75,0.48,1,1,0.8385
281,0.30,0.05,0.04,0.28,0.23,0,0,0.1824
282,0.64,0.73,0.53,0.49,0.34,1,1,0.7077
283,0.93,0.84,0.82,0.66,0.26,1,1,0.9634
284,0.92,0.75,0.64,0.35,0.62,1,1,0.8601
285,0.37,0.13,0.47,0.14,0.24,0,0,0.0583
286,0.38,0.01,0.02,0.24,0.25,0,0,0.2673
287,0.82,0.99,0.82,0.72,0.39,1,1,0.8373
288,0.96,0.98,0.67,0.37,0.33,1,1,0.9208
289,0.31,0.21,0.41,0.07,0.17,0,0,0.2339
290,0.24,0.26,0.49,0.20,0.24,0,0,0.2201
291,0.06,0.23,0.37,0.31,0.19,0,0,0.1328
292,0.31,0.27,0.27,0.05,0.02,0,0,0.1543
293,0.39,0.12,0.06,0.19,0.08,0,0,0.0924
294,0.80,0.73,0.77,0.33,0.61,1,1,0.8872
295,0.39,0.10,0.46,0.14,0.12,0,0,0.2968
296,0.24,0.17,0.29,0.15,0.22,0,0,0.0503
297,0.17,0.19,0.29,0.19,0.05,0,0,0.0872
298,0.03,0.07,0.08,0.11,0.15,0,0,0.1555
299,0.09,0.29,0.03,0.31,0.20,0,0,0.0238
300,0.86,0.81,0.70,0.40,0.33,1,1,0.9365
301,0.09,0.24,0.03,0.38,0.20,0,0,0.1197
302,0.31,0.04,0.09,0.14,0.18,0,0,0.0652
303,0.35,0.08,0.09,0.01,0.04,0,0,0.0274
304,0.32,0.18,0.06,0.33,0.13,0,0,0.2285
305,0.28,0.15,0.25,0.01,0.13,0,0,0.1429
306,0.97,0.76,0.61,0.34,0.25,1,1,0.9135
307,0.38,0.19,0.38,0.24,0.20,0,0,0.2241
308,0.04,0.28,0.39,0.15,0.03,0,0,0.0573
309,0.20,0.16,0.20,0.28,0.21,0,0,0.0734
310,0.99,0.67,0.59,0.78,0.56,1,1,0.7410
311,0.19,0.27,0.10,0.36,0.15,0,0,0.1517
312,0.07,0.06,0.22,0.14,0.16,0,0,0.2030
313,0.01,0.07,0.21,0.09,0.14,0,0,0.0776
314,0.17,0.18,0.26,0.11,0.20,0,0,0.2718
315,0.71,0.54,0.75,0.69,0.40,1,1,0.7932
316,0.72,0.89,0.73,0.74,0.35,1,1,0.8529
317,0.27,0.06,0.20,0.20,0.19,0,0,0.1260
318,0.08,0.29,0.27,0.38,0.22,0,0,0.2783
319,0.75,0.79,0.63,0.56,0.52,1,1,0.9231
320,0.01,0.06,0.30,0.06,0.28,0,0,0.1601
321,0.94,0.55,0.64,0.73,0.56,1,1,0.7891
322,0.28,0.09,0.01,0.25,0.23,0,0,0.0125
323,0.28,0.29,0.10,0.35,0.27,0,0,0.0934
324,0.15,0.02,0.08,0.37,0.22,0,0,0.1246
325,0.30,0.19,0.38,0.32,0.13,0,0,0.0991
326,0.67,0.82,0.54,0.62,0.37,1,1,0.7570
327,0.76,0.92,0.78,0.37,0.33,1,1,0.8066
328,0.91,0.60,0.73,0.45,0.27,1,1,0.8524
329,0.15,0.26,0.40,0.01,0.16,0,0,0.0734
330,0.03,0.19,0.29,0.23,0.13,0,0,0.1868
331,0.73,0.58,0.65,0.45,0.29,1,1,0.9829
332,0.35,0.05,0.04,0.02,0.01,0,0,0.1764
333,0.61,0.78,0.88,0.55,0.43,1,1,0.9427
334,0.38,0.21,0.33,0.07,0.24,0,0,0.1432
335,0.81,0.96,0.44,0.49,0.22,1,1,0.8653
336,0.19,0.05,0.14,0.11,0.16,0,0,0.1648
337,0.25,0.25,0.24,0.35,0.13,0,0,0.0538
338,0.92,0.67,0.69,0.36,0.38,1,1,0.8385
339,0.26,0.17,0.34,0.09,0.12,0,0,0.2858
340,0.03,0.07,0.22,0.32,0.15,0,0,0.2096
341,0.24,0.05,0.35,0.25,0.14,0,0,0.2492
342,0.11,0.25,0.27,0.36,0.24,0,0,0.0469
343,0.65,0.83,0.87,0.69,0.45,1,1,0.7056
344,0.31,0.12,0.10,0.32,0.12,0,0,0.1507
345,0.95,0.63,0.86,0.69,0.44,1,1,0.8197
346,0.22,0.24,0.04,0.27,0.03,0,0,0.1091
347,0.62,0.81,0.79,0.36,0.46,1,1,0.7628
348,0.34,0.12,0.49,0.38,0.14,0,0,0.2407
349,0.38,0.06,0.23,0.18,0.22,0,0,0.2619
350,0.95,0.68,0.50,0.71,0.33,1,1,0.9856
351,0.04,0.13,0.48,0.20,0.08,0,0,0.2605
352,0.91,0.95,0.67,0.75,0.60,1,1,0.9890
353,0.94,0.98,0.62,0.71,0.62,1,1,0.9841
354,0.38,0.04,0.06,0.10,0.21,0,0,0.0210
355,0.75,0.96,0.60,0.75,0.38,1,1,0.7588
356,0.39,0.21,0.09,0.27,0.12,0,0,0.0638
357,0.91,0.80,0.59,0.60,0.62,1,1,0.9023
358,0.17,0.24,0.02,0.35,0.11,0,0,0.0934
359,0.06,0.11,0.17,0.30,0.06,0,0,0.2267
360,0.90,0.61,0.60,0.78,0.33,1,1,0.8415
361,0.97,0.53,0.72,0.31,0.29,1,1,0.8197
362,0.20,0.28,0.45,0.17,0.24,0,0,0.1345
363,0.19,0.26,0.16,0.20,0.17,0,0,0.0163
364,0.24,0.08,0.21,0.15,0.01,0,0,0.0385
365,0.09,0.09,0.14,0.17,0.22,0,0,0.1901
366,0.23,0.03,0.23,0.14,0.13,0,0,0.0718
367,0.93,0.89,0.64,0.77,0.45,1,1,0.9169
368,0.36,0.11,0.32,0.01,0.13,0,0,0.0204
369,0.61,0.96,0.86,0.44,0.46,1,1,0.9255
370,0.26,0.15,0.27,0.21,0.07,0,0,0.2968
371,0.38,0.06,0.48,0.07,0.29,0,0,0.0135
372,0.70,0.73,0.84,0.62,0.57,1,1,0.8906
373,0.09,0.13,0.48,0.27,0.04,0,0,0.1032
374,0.20,0.19,0.04,0.03,0.02,0,0,0.0621
375,0.79,0.82,0.85,0.55,0.39,1,1,0.7844
376,0.22,0.26,0.30,0.24,0.19,0,0,0.2730
377,0.82,0.62,0.48,0.51,0.41,1,1,0.8569
378,0.12,0.01,0.21,0.23,0.02,0,0,0.1065
379,0.78,0.51,0.55,0.69,0.47,1,1,0.9416
380,0.31,0.28,0.15,0.38,0.01,0,0,0.2581
381,0.37,0.13,0.17,0.26,0.06,0,0,0.1171
382,0.90,0.62,0.56,0.71,0.63,1,1,0.9493
383,0.38,0.28,0.27,0.04,0.13,0,0,0.2562
384,0.38,0.26,0.11,0.12,0.15,0,0,0.2709
385,0.07,0.18,0.27,0.32,0.20,0,0,0.2325
386,0.85,0.76,0.67,0.52,0.38,1,1,0.9135
387,0.05,0.19,0.33,0.33,0.02,0,0,0.0263
388,0.15,0.11,0.42,0.22,0.14,0,0,0.1037
389,0.15,0.01,0.48,0.32,0.08,0,0,0.2831
390,0.08,0.24,0.04,0.12,0.08,0,0,0.0674
391,0.67,0.70,0.83,0.37,0.67,1,1,0.7495
392,0.19,0.19,0.27,0.06,0.28,0,0,0.2452
393,0.76,0.66,0.50,0.45,0.67,1,1,0.8207
394,0.34,0.24,0.47,0.48,0.33,1,0,0.4770
395,0.36,0.14,0.44,0.30,0.22,0,0,0.2974
396,0.88,0.58,0.84,0.45,0.62,1,1,0.7628
397,0.02,0.21,0.33,0.33,0.09,0,0,0.1432
398,0.78,0.62,0.66,0.73,0.67,1,1,0.8447
399,0.39,0.03,0.01,0.23,0.27,0,0,0.1246
400,0.89,0.95,0.63,0.60,0.39,1,1,0.8170
401,0.83,0.77,0.50,0.32,0.53,1,1,0.8809
402,0.01,0.14,0.17,0.33,0.21,0,0,0.1057
403,0.03,0.16,0.42,0.04,0.10,0,0,0.0263
404,0.38,0.03,0.18,0.11,0.17,0,0,0.0357
405,0.14,0.21,0.30,0.08,0.17,0,0,0.1340
406,0.87,0.63,0.43,0.40,0.26,1,1,0.9388
407,0.26,0.19,0.18,0.38,0.21,0,0,0.2581
408,0.34,0.14,0.16,0.12,0.16,0,0,0.0602
409,0.02,0.12,0.03,0.23,0.10,0,0,0.2325
410,0.09,0.08,0.12,0.30,0.09,0,0,0.0401
411,0.13,0.14,0.44,0.39,0.08,0,0,0.2076
412,0.31,0.22,0.34,0.05,0.21,0,0,0.2730
413,0.74,0.55,0.66,0.65,0.54,1,1,0.7135
414,0.22,0.26,0.45,0.05,0.17,0,0,0.2741
415,0.08,0.13,0.26,0.20,0.09,0,0,0.0683
416,0.32,0.15,0.12,0.22,0.05,0,0,0.1685
417,0.33,0.16,0.16,0.38,0.16,0,0,0.2882
418,0.35,0.03,0.24,0.03,0.14,0,0,0.2177
419,0.11,0.21,0.26,0.38,0.24,0,0,0.1741
420,0.66,0.58,0.67,0.64,0.45,1,1,0.7302
421,0.13,0.16,0.38,0.01,0.07,0,0,0.0372
422,0.35,0.12,0.03,0.28,0.17,0,0,0.1600
423,0.13,0.21,0.39,0.16,0.04,0,0,0.0503
424,0.10,0.02,0.49,0.19,0.01,0,0,0.1784
425,0.76,0.92,0.73,0.55,0.25,1,1,0.8524
426,0.10,0.11,0.46,0.11,0.19,0,0,0.2294
427,0.24,0.22,0.08,0.26,0.23,0,0,0.2127
428,0.70,0.70,0.61,0.50,0.67,1,1,0.8584
429,0.21,0.17,0.16,0.20,0.16,0,0,0.1368
430,0.94,0.72,0.88,0.70,0.25,1,1,0.9080
431,0.69,0.88,0.69,0.52,0.60,1,1,0.7042
432,0.30,0.17,0.07,0.02,0.25,0,0,0.1751
433,0.17,0.04,0.20,0.03,0.12,0,0,0.1887
434,0.38,0.08,0.20,0.01,0.22,0,0,0.1018
435,0.09,0.09,0.28,0.38,0.17,0,0,0.2229
436,0.97,0.98,0.48,0.36,0.32,1,1,0.9123
437,0.23,0.07,0.04,0.04,0.26,0,0,0.0820
438,0.33,0.21,0.41,0.14,0.01,0,0,0.0573
439,0.36,0.05,0.09,0.03,0.13,0,0,0.2492
440,0.80,0.87,0.56,0.39,0.63,1,1,0.7495
441,0.20,0.28,0.42,0.21,0.21,0,0,0.1479
442,0.36,0.14,0.12,0.10,0.19,0,0,0.1197
443,0.91,0.82,0.59,0.70,0.51,1,1,0.7225
444,0.96,0.95,0.82,0.55,0.37,1,1,0.7077
445,0.17,0.19,0.02,0.20,0.03,0,0,0.2647
446,0.96,0.70,0.77,0.77,0.36,1,1,0.7262
447,0.33,0.05,0.46,0.04,0.24,0,0,0.1039
448,0.74,0.97,0.78,0.63,0.38,1,1,0.8569
449,0.24,0.02,0.12,0.23,0.09,0,0,0.2132
450,0.10,0.29,0.48,0.35,0.24,0,0,0.0763
451,0.19,0.04,0.14,0.34,0.12,0,0,0.0274
452,0.25,0.21,0.38,0.32,0.27,0,0,0.2039
453,0.12,0.02,0.27,0.10,0.19,0,0,0.0384
454,0.10,0.03,0.02,0.12,0.03,0,0,0.1652
455,0.08,0.24,0.35,0.04,0.19,0,0,0.2783
456,0.78,0.79,0.60,0.36,0.34,1,1,0.7301
457,0.37,0.04,0.27,0.13,0.29,0,0,0.2769
458,0.02,0.22,0.06,0.12,0.27,0,0,0.1901
459,0.87,0.75,0.53,0.41,0.28,1,1,0.9785
460,0.39,0.11,0.07,0.30,0.11,0,0,0.2285
461,0.13,0.07,0.21,0.39,0.22,0,0,0.0381
462,0.08,0.22,0.31,0.16,0.20,0,0,0.0543
463,0.33,0.19,0.16,0.31,0.20,0,0,0.0911
464,0.95,0.59,0.71,0.38,0.49,1,1,0.9829
465,0.75,0.79,0.87,0.47,0.36,1,1,0.9531
466,0.31,0.28,0.04,0.32,0.21,0,0,0.0847
467,0.88,0.89,0.43,0.61,0.47,1,1,0.7410
468,0.79,0.94,0.84,0.61,0.51,1,1,0.9663
469,0.29,0.07,0.12,0.30,0.18,0,0,0.1979
470,0.20,0.26,0.30,0.22,0.02,0,0,0.1091
471,0.27,0.09,0.17,0.29,0.02,0,0,0.0309
472,0.78,0.55,0.42,0.49,0.47,1,1,0.8887
473,0.88,0.89,0.82,0.36,0.47,1,1,0.9388
474,0.79,0.99,0.50,0.38,0.61,1,1,0.7196
475,0.67,0.59,0.49,0.59,0.57,1,1,0.7144
476,0.12,0.27,0.23,0.34,0.24,0,0,0.1868
477,0.32,0.14,0.07,0.19,0.04,0,0,0.0401
478,0.31,0.11,0.07,0.33,0.20,0,0,0.1292
479,0.20,0.01,0.04,0.19,0.19,0,0,0.0460
480,0.27,0.23,0.10,0.12,0.15,0,0,0.2608
481,0.66,0.67,0.42,0.59,0.66,1,1,0.8643
482,0.27,0.22,0.43,0.16,0.26,0,0,0.1278
483,0.61,0.62,0.63,0.36,0.40,1,1,0.8402
484,0.32,0.19,0.47,0.15,0.18,0,0,0.2183
485,0.74,0.54,0.76,0.45,0.43,1,1,0.9654
486,0.32,0.08,0.30,0.33,0.16,0,0,0.1107
487,0.61,0.63,0.87,0.45,0.40,1,1,0.8876
488,0.14,0.04,0.32,0.23,0.18,0,0,0.0718
489,0.70,0.57,0.62,0.70,0.52,1,1,0.7712
490,0.93,0.51,0.83,0.44,0.67,1,1,0.9333
491,0.04,0.13,0.13,0.27,0.29,0,0,0.2201
492,0.29,0.09,0.17,0.05,0.14,0,0,0.1429
493,0.17,0.07,0.48,0.28,0.16,0,0,0.2523
494,0.75,0.80,0.79,0.43,0.66,1,1,0.9576
495,0.96,0.87,0.57,0.66,0.39,1,1,0.7852
496,0.25,0.19,0.21,0.27,0.18,0,0,0.2339
497,0.64,0.70,0.86,0.41,0.34,1,1,0.7972
498,0.38,0.04,0.44,0.20,0.29,0,0,0.2030
499,0.66,0.84,0.61,0.61,0.66,1,1,0.7963
500,0.19,0.18,0.28,0.21,0.11,0,0,0.0163
501,0.18,0.11,0.49,0.29,0.04,0,0,0.1709
502,0.25,0.16,0.25,0.32,0.13,0,0,0.1413
503,0.88,0.77,0.74,0.45,0.29,1,1,0.7099
504,0.38,0.28,0.08,0.10,0.21,0,0,0.1167
505,0.32,0.21,0.39,0.24,0.24,0,0,0.2468
506,0.08,0.07,0.49,0.32,0.28,0,0,0.2476
507,0.99,0.72,0.44,0.41,0.32,1,1,0.8601
508,0.93,0.78,0.67,0.47,0.65,1,1,0.8202
509,0.35,0.12,0.06,0.02,0.02,0,0,0.1190
510,0.97,0.53,0.50,0.68,0.40,1,1,0.9231
511,0.62,0.57,0.65,0.52,0.47,1,1,0.7876
512,0.74,0.98,0.53,0.78,0.38,1,1,0.7314
513,0.29,0.16,0.19,0.26,0.08,0,0,0.0125
514,0.35,0.27,0.32,0.44,0.34,1,0,0.4877
515,0.93,0.73,0.70,0.70,0.35,1,1,0.8354
516,0.32,0.27,0.09,0.12,0.14,0,0,0.2140
517,0.65,0.65,0.57,0.77,0.50,1,1,0.8988
518,0.84,0.94,0.69,0.59,0.51,1,1,0.9208
519,0.18,0.16,0.24,0.17,0.05,0,0,0.2443
520,0.11,0.01,0.40,0.39,0.26,0,0,0.1895
521,0.05,0.10,0.47,0.33,0.21,0,0,0.0872
522,0.11,0.05,0.32,0.30,0.11,0,0,0.1648
523,0.83,0.68,0.85,0.57,0.52,1,1,0.9213
524,0.19,0.25,0.31,0.10,0.25,0,0,0.1057
525,0.25,0.08,0.04,0.06,0.20,0,0,0.1657
526,0.92,0.76,0.78,0.54,0.35,1,1,0.9419
527,0.99,0.55,0.60,0.58,0.48,1,1,0.8845
528,0.80,0.84,0.51,0.36,0.37,1,1,0.7460
529,0.37,0.43,0.23,0.44,0.19,1,0,0.4877
530,0.23,0.11,0.02,0.04,0.01,0,0,0.2785
531,0.98,0.51,0.65,0.43,0.66,1,1,0.8972
532,0.76,0.52,0.58,0.74,0.50,1,1,0.8159
533,0.11,0.22,0.01,0.36,0.26,0,0,0.2312
534,0.26,0.12,0.26,0.19,0.21,0,0,0.1741
535,0.14,0.03,0.13,0.23,0.23,0,0,0.1345
536,0.24,0.12,0.09,0.02,0.15,0,0,0.1352
537,0.18,0.25,0.21,0.17,0.12,0,0,0.1802
538,0.37,0.23,0.07,0.39,0.11,0,0,0.2281
539,0.27,0.14,0.26,0.04,0.03,0,0,0.1519
540,0.22,0.11,0.35,0.24,0.05,0,0,0.0238
541,0.79,0.69,0.52,0.57,0.38,1,1,0.7583
542,0.38,0.12,0.33,0.26,0.14,0,0,0.2625
543,0.15,0.01,0.16,0.13,0.16,0,0,0.0425
544,0.32,0.14,0.19,0.18,0.23,0,0,0.1044
545,0.79,0.72,0.60,0.73,0.69,1,1,0.8530
546,0.88,0.93,0.83,0.51,0.25,1,1,0.9002
547,0.69,0.87,0.75,0.57,0.39,1,1,0.9610
548,0.87,0.61,0.80,0.61,0.25,1,1,0.8415
549,0.03,0.01,0.13,0.01,0.17,0,0,0.0435
550,0.30,0.14,0.34,0.05,0.16,0,0,0.1309
551,0.22,0.02,0.15,0.09,0.22,0,0,0.2562
552,0.96,0.76,0.74,0.62,0.37,1,1,0.9702
553,0.06,0.29,0.17,0.18,0.01,0,0,0.2605
554,0.17,0.16,0.26,0.07,0.02,0,0,0.1843
555,0.31,0.10,0.03,0.11,0.11,0,0,0.2338
556,0.03,0.03,0.48,0.03,0.12,0,0,0.2223
557,0.29,0.03,0.21,0.05,0.19,0,0,0.0844
558,0.09,0.16,0.36,0.10,0.20,0,0,0.2096
559,0.63,0.52,0.61,0.71,0.35,1,1,0.9767
560,0.76,0.84,0.57,0.48,0.69,1,1,0.9628
561,0.03,0.15,0.37,0.08,0.06,0,0,0.0441
562,0.38,0.19,0.29,0.32,0.27,0,0,0.1994
563,0.63,0.55,0.85,0.56,0.49,1,1,0.7675
564,0.09,0.06,0.25,0.04,0.29,0,0,0.0807
565,0.31,0.04,0.26,0.39,0.08,0,0,0.0204
566,0.68,0.71,0.56,0.77,0.25,1,1,0.9261
567,0.87,0.57,0.80,0.62,0.23,1,1,0.9575
568,0.18,0.11,0.06,0.17,0.18,0,0,0.0776
569,0.03,0.06,0.20,0.08,0.02,0,0,0.1555
570,0.70,0.72,0.59,0.41,0.55,1,1,0.7831
571,0.83,0.52,0.50,0.66,0.24,1,1,0.7095
572,0.98,0.66,0.73,0.50,0.40,1,1,0.7869
573,0.31,0.11,0.23,0.07,0.19,0,0,0.1406
574,0.22,0.26,0.12,0.17,0.27,0,0,0.1706
575,0.77,0.62,0.49,0.53,0.33,1,1,0.8550
576,0.10,0.15,0.26,0.28,0.03,0,0,0.0450
577,0.91,0.70,0.44,0.43,0.44,1,1,0.7214
578,0.02,0.03,0.38,0.38,0.20,0,0,0.1246
579,0.12,0.25,0.43,0.25,0.06,0,0,0.2186
580,0.98,0.88,0.55,0.44,0.39,1,1,0.8407
581,0.13,0.29,0.14,0.31,0.24,0,0,0.2678
582,0.96,0.87,0.48,0.57,0.58,1,1,0.9396
583,0.66,0.57,0.63,0.44,0.57,1,1,0.9126
584,0.02,0.17,0.31,0.24,0.14,0,0,0.0152
585,0.34,0.19,0.24,0.04,0.11,0,0,0.2407
586,0.35,0.10,0.29,0.35,0.11,0,0,0.1517
587,0.28,0.20,0.01,0.21,0.10,0,0,0.0538
588,0.88,0.75,0.70,0.50,0.57,1,1,0.7818
589,0.08,0.28,0.31,0.31,0.15,0,0,0.0825
590,0.10,0.18,0.31,0.16,0.20,0,0,0.2163
591,0.36,0.43,0.37,0.29,0.20,1,0,0.3831
592,0.33,0.19,0.22,0.33,0.22,0,0,0.2798
593,0.73,0.96,0.81,0.56,0.58,1,1,0.9806
594,0.38,0.17,0.02,0.13,0.12,0,0,0.0674
595,0.27,0.12,0.39,0.20,0.18,0,0,0.1065
596,0.07,0.18,0.49,0.03,0.27,0,0,0.1652
597,0.07,0.28,0.48,0.23,0.12,0,0,0.2559
598,0.82,0.53,0.78,0.61,0.22,1,1,0.7371
599,0.81,0.81,0.68,0.35,0.51,1,1,0.8899
600,0.31,0.24,0.01,0.10,0.09,0,0,0.2917
601,0.34,0.13,0.30,0.38,0.09,0,0,0.1994
602,0.37,0.21,0.33,0.33,0.01,0,0,0.2952
603,0.32,0.20,0.02,0.01,0.24,0,0,0.0227
604,0.38,0.42,0.24,0.30,0.31,1,0,0.4705
605,0.20,0.27,0.23,0.28,0.07,0,0,0.2472
606,0.10,0.13,0.46,0.24,0.26,0,0,0.2155
607,0.90,0.86,0.74,0.42,0.66,1,1,0.9740
608,0.07,0.02,0.29,0.31,0.04,0,0,0.1764
609,0.21,0.06,0.49,0.25,0.24,0,0,0.2619
610,0.32,0.20,0.29,0.01,0.14,0,0,0.2062
611,0.37,0.12,0.24,0.11,0.18,0,0,0.0638
612,0.12,0.20,0.35,0.28,0.15,0,0,0.1824
613,0.69,0.54,0.52,0.51,0.23,1,1,0.9493
614,0.37,0.05,0.20,0.09,0.02,0,0,0.1102
615,0.94,0.76,0.80,0.56,0.53,1,1,0.9000
616,0.98,0.77,0.50,0.37,0.49,1,1,0.7788
617,0.63,0.68,0.61,0.53,0.62,1,1,0.9022
618,0.38,0.13,0.42,0.12,0.22,0,0,0.2241
619,0.89,0.81,0.53,0.58,0.61,1,1,0.9329
620,0.65,0.62,0.56,0.47,0.55,1,1,0.8710
621,0.35,0.17,0.10,0.35,0.14,0,0,0.1539
622,0.29,0.15,0.04,0.33,0.06,0,0,0.0210
623,0.96,0.65,0.42,0.39,0.23,1,1,0.8781
624,0.31,0.04,0.32,0.33,0.02,0,0,0.2335
625,0.84,0.57,0.80,0.39,0.40,1,1,0.8756
626,0.03,0.15,0.05,0.11,0.07,0,0,0.0396
627,0.76,0.58,0.73,0.53,0.31,1,1,0.7797
628,0.81,0.87,0.63,0.34,0.23,1,1,0.9538
629,0.27,0.14,0.30,0.29,0.12,0,0,0.2647
630,0.24,0.17,0.43,0.38,0.29,0,0,0.2868
631,0.28,0.25,0.20,0.36,0.14,0,0,0.1691
632,0.63,0.72,0.81,0.78,0.29,1,1,0.7936
633,0.28,0.29,0.07,0.17,0.27,0,0,0.2319
634,0.12,0.18,0.37,0.31,0.10,0,0,0.1994
635,0.12,0.08,0.32,0.27,0.02,0,0,0.0372
636,0.26,0.29,0.48,0.08,0.24,0,0,0.1328
637,0.84,0.73,0.54,0.70,0.43,1,1,0.8631
638,0.78,0.63,0.76,0.64,0.40,1,1,0.8972
639,0.84,0.55,0.63,0.51,0.22,1,1,0.7850
640,0.28,0.28,0.32,0.01,0.19,0,0,0.2415
641,0.33,0.20,0.08,0.21,0.21,0,0,0.2718
642,0.05,0.12,0.36,0.12,0.21,0,0,0.0621
643,0.05,0.22,0.36,0.10,0.16,0,0,0.0203
644,0.30,0.12,0.37,0.09,0.14,0,0,0.2267
645,0.28,0.05,0.06,0.04,0.06,0,0,0.0924
646,0.30,0.14,0.19,0.36,0.22,0,0,0.1543
647,0.66,0.55,0.47,0.79,0.58,1,1,0.7511
648,0.33,0.21,0.23,0.28,0.20,0,0,0.1687
649,0.72,0.78,0.87,0.47,0.35,1,1,0.8447
650,0.31,0.16,0.34,0.24,0.09,0,0,0.1837
651,0.35,0.01,0.03,0.07,0.19,0,0,0.0357
652,0.92,0.88,0.60,0.51,0.57,1,1,0.9365
653,0.19,0.04,0.35,0.35,0.16,0,0,0.0583
654,0.07,0.27,0.45,0.15,0.12,0,0,0.0135
655,0.06,0.01,0.33,0.13,0.06,0,0,0.2335
656,0.39,0.23,0.49,0.09,0.29,0,0,0.2435
657,0.27,0.12,0.38,0.27,0.24,0,0,0.0401
658,0.06,0.05,0.12,0.04,0.12,0,0,0.0152
659,0.23,0.22,0.18,0.02,0.28,0,0,0.1542
660,0.01,0.20,0.48,0.25,0.12,0,0,0.1309
661,0.29,0.09,0.40,0.08,0.29,0,0,0.2241
662,0.37,0.12,0.23,0.17,0.12,0,0,0.1340
663,0.32,0.23,0.08,0.11,0.10,0,0,0.2501
664,0.36,0.04,0.26,0.16,0.04,0,0,0.2514
665,0.06,0.01,0.07,0.08,0.01,0,0,0.0652
666,0.37,0.15,0.36,0.17,0.05,0,0,0.1260
667,0.33,0.19,0.09,0.03,0.28,0,0,0.0347
668,0.33,0.25,0.36,0.01,0.10,0,0,0.2974
669,0.21,0.17,0.22,0.11,0.29,0,0,0.1751
670,0.61,0.91,0.74,0.65,0.52,1,1,0.9575
671,0.17,0.26,0.30,0.35,0.15,0,0,0.2872
672,0.28,0.04,0.33,0.08,0.19,0,0,0.2673
673,0.09,0.27,0.33,0.30,0.27,0,0,0.2177
674,0.61,0.72,0.53,0.60,0.38,1,1,0.9197
675,0.91,0.90,0.66,0.56,0.61,1,1,0.8872
676,0.38,0.14,0.33,0.31,0.24,0,0,0.0768
677,0.14,0.17,0.13,0.37,0.11,0,0,0.0425
678,0.32,0.05,0.17,0.11,0.15,0,0,0.2520
679,0.66,0.55,0.55,0.52,0.35,1,1,0.8584
680,0.67,0.88,0.81,0.66,0.23,1,1,0.7891
681,0.67,0.54,0.86,0.61,0.69,1,1,0.9416
682,0.23,0.19,0.26,0.02,0.08,0,0,0.1032
683,0.26,0.13,0.48,0.08,0.28,0,0,0.2785
684,0.37,0.43,0.29,0.22,0.32,1,0,0.4556
685,0.31,0.09,0.44,0.09,0.14,0,0,0.2612
686,0.33,0.24,0.43,0.05,0.17,0,0,0.1519
687,0.24,0.03,0.19,0.34,0.29,0,0,0.1706
688,0.39,0.06,0.31,0.22,0.17,0,0,0.0385
689,0.36,0.01,0.29,0.08,0.18,0,0,0.0815
690,0.76,0.80,0.41,0.62,0.29,1,1,0.8373
691,0.04,0.14,0.36,0.20,0.15,0,0,0.0247
692,0.90,0.85,0.55,0.73,0.56,1,1,0.9659
693,0.79,0.64,0.78,0.48,0.33,1,1,0.8812
694,0.67,0.89,0.53,0.54,0.46,1,1,0.9688
695,0.22,0.25,0.32,0.17,0.04,0,0,0.0573
696,0.09,0.06,0.14,0.14,0.14,0,0,0.0124
697,0.65,0.83,0.88,0.76,0.38,1,1,0.7164
698,0.37,0.06,0.02,0.10,0.18,0,0,0.1837
699,0.38,0.22,0.27,0.15,0.23,0,0,0.1479
700,0.14,0.07,0.45,0.27,0.16,0,0,0.2076
701,0.09,0.26,0.06,0.17,0.09,0,0,0.0381
702,0.66,0.57,0.49,0.52,0.65,1,1,0.7570
703,0.28,0.09,0.22,0.37,0.09,0,0,0.1601
704,0.36,0.19,0.26,0.12,0.12,0,0,0.2359
705,0.73,0.81,0.68,0.75,0.43,1,1,0.9397
706,0.74,0.78,0.72,0.66,0.50,1,1,0.9380
707,0.29,0.08,0.05,0.19,0.04,0,0,0.2858
708,0.04,0.01,0.47,0.14,0.10,0,0,0.0863
709,0.10,0.16,0.30,0.10,0.11,0,0,0.2968
710,0.14,0.27,0.26,0.33,0.08,0,0,0.2798
711,0.95,0.94,0.79,0.53,0.38,1,1,0.9238
712,0.16,0.25,0.03,0.29,0.20,0,0,0.2294
713,0.34,0.11,0.15,0.36,0.02,0,0,0.2501
714,0.14,0.18,0.37,0.30,0.27,0,0,0.2831
715,0.25,0.24,0.41,0.01,0.23,0,0,0.0734
716,0.11,0.20,0.25,0.01,0.12,0,0,0.2325
717,0.71,0.95,0.73,0.51,0.66,1,1,0.9578
718,0.79,0.71,0.68,0.67,0.55,1,1,0.8415
719,0.31,0.10,0.48,0.18,0.02,0,0,0.1784
720,0.78,0.87,0.42,0.56,0.36,1,1,0.8988
721,0.66,0.98,0.47,0.74,0.51,1,1,0.9238
722,0.24,0.20,0.22,0.25,0.24,0,0,0.0602
723,0.33,0.04,0.20,0.26,0.08,0,0,0.1345
724,0.39,0.04,0.49,0.25,0.22,0,0,0.2452
725,0.73,0.73,0.82,0.43,0.45,1,1,0.9135
726,0.35,0.15,0.04,0.12,0.17,0,0,0.1979
727,0.34,0.09,0.19,0.34,0.19,0,0,0.1429
728,0.36,0.04,0.46,0.20,0.21,0,0,0.1542
729,0.34,0.08,0.40,0.26,0.16,0,0,0.2476
730,0.81,0.80,0.79,0.63,0.56,1,1,0.7303
731,0.96,0.73,0.60,0.73,0.33,1,1,0.8872
732,0.71,0.58,0.58,0.65,0.57,1,1,0.9255
733,0.97,0.57,0.71,0.76,0.44,1,1,0.8643
734,0.89,0.84,0.73,0.53,0.64,1,1,0.9388
735,0.28,0.21,0.33,0.05,0.13,0,0,0.2312
736,0.37,0.21,0.13,0.15,0.06,0,0,0.0699
737,0.23,0.23,0.27,0.18,0.19,0,0,0.1171
738,0.81,0.74,0.66,0.57,0.34,1,1,0.7588
739,0.33,0.03,0.37,0.37,0.24,0,0,0.1507
740,0.65,0.59,0.62,0.65,0.63,1,1,0.7397
741,0.19,0.13,0.14,0.18,0.08,0,0,0.1031
742,0.37,0.22,0.40,0.22,0.13,0,0,0.2858
743,0.02,0.06,0.27,0.03,0.10,0,0,0.0807
744,0.79,0.52,0.77,0.41,0.57,1,1,0.7932
745,0.72,0.56,0.68,0.41,0.37,1,1,0.8710
746,0.77,0.93,0.42,0.66,0.45,1,1,0.9634
747,0.25,0.15,0.41,0.04,0.18,0,0,0.2186
748,0.77,0.84,0.44,0.44,0.28,1,1,0.8385
749,0.23,0.12,0.10,0.26,0.21,0,0,0.1260
750,0.77,0.62,0.71,0.45,0.52,1,1,0.8906
751,0.39,0.28,0.24,0.21,0.25,0,0,0.1601
752,0.23,0.27,0.30,0.34,0.10,0,0,0.1107
753,0.12,0.08,0.41,0.34,0.03,0,0,0.0652
754,0.36,0.08,0.31,0.14,0.15,0,0,0.2709
755,0.22,0.02,0.26,0.07,0.12,0,0,0.0372
756,0.38,0.07,0.26,0.22,0.18,0,0,0.1037
757,0.64,0.96,0.69,0.57,0.61,1,1,0.9080
758,0.81,0.97,0.89,0.55,0.46,1,1,0.9169
759,0.88,0.83,0.59,0.57,0.53,1,1,0.7710
760,0.05,0.27,0.35,0.19,0.03,0,0,0.0469
761,0.28,0.20,0.25,0.27,0.22,0,0,0.1340
762,0.98,0.82,0.86,0.36,0.45,1,1,0.9333
763,0.11,0.17,0.27,0.20,0.03,0,0,0.1741
764,0.93,0.93,0.77,0.69,0.54,1,1,0.7852
765,0.02,0.25,0.43,0.09,0.29,0,0,0.2520
766,0.04,0.11,0.19,0.20,0.13,0,0,0.0573
767,0.36,0.13,0.07,0.04,0.27,0,0,0.0435
768,0.79,0.65,0.72,0.69,0.49,1,1,0.7303
769,0.34,0.07,0.41,0.36,0.27,0,0,0.2241
770,0.19,0.28,0.21,0.34,0.07,0,0,0.1555
771,0.36,0.26,0.27,0.23,0.06,0,0,0.1102
772,0.24,0.20,0.40,0.05,0.27,0,0,0.0263
773,0.62,0.86,0.77,0.63,0.50,1,1,0.8529
774,0.26,0.13,0.10,0.09,0.04,0,0,0.1652
775,0.27,0.08,0.31,0.30,0.27,0,0,0.1868
776,0.64,0.83,0.89,0.35,0.31,1,1,0.8170
777,0.39,0.18,0.05,0.01,0.02,0,0,0.1994
778,0.02,0.20,0.18,0.20,0.01,0,0,0.1065
779,0.28,0.18,0.45,0.23,0.20,0,0,0.2492
780,0.11,0.27,0.17,0.12,0.28,0,0,0.0152
781,0.66,0.81,0.56,0.32,0.39,1,1,0.7972
782,0.34,0.05,0.41,0.19,0.10,0,0,0.2227
783,0.89,0.83,0.89,0.34,0.44,1,1,0.8550
784,0.81,0.60,0.55,0.38,0.29,1,1,0.9238
785,0.29,0.24,0.49,0.32,0.10,0,0,0.0825
786,0.72,0.92,0.62,0.38,0.22,1,1,0.7844
787,0.28,0.20,0.34,0.18,0.10,0,0,0.2163
788,0.34,0.44,0.17,0.25,0.17,1,0,0.4449
789,0.12,0.08,0.03,0.19,0.27,0,0,0.2096
790,0.10,0.22,0.31,0.28,0.16,0,0,0.2281
791,0.61,0.94,0.78,0.74,0.55,1,1,0.9427
792,0.96,0.73,0.67,0.50,0.37,1,1,0.9754
793,0.08,0.22,0.42,0.21,0.17,0,0,0.1601
794,0.37,0.27,0.38,0.09,0.24,0,0,0.1895
795,0.88,0.93,0.56,0.49,0.31,1,1,0.8407
796,0.12,0.06,0.27,0.05,0.14,0,0,0.0203
797,0.29,0.17,0.35,0.17,0.22,0,0,0.0441
798,0.33,0.08,0.35,0.15,0.10,0,0,0.1901
799,0.38,0.24,0.16,0.02,0.07,0,0,0.1432
800,0.92,0.91,0.55,0.59,0.42,1,1,0.9023
801,0.77,0.71,0.86,0.45,0.28,1,1,0.7570
802,0.93,0.59,0.69,0.49,0.32,1,1,0.7495
803,0.04,0.06,0.25,0.22,0.05,0,0,0.2718
804,0.13,0.10,0.17,0.25,0.20,0,0,0.0683
805,0.32,0.05,0.28,0.29,0.21,0,0,0.1648
806,0.64,0.59,0.47,0.62,0.39,1,1,0.9213
807,0.21,0.07,0.43,0.38,0.28,0,0,0.2062
808,0.33,0.43,0.20,0.27,0.37,1,0,0.4811
809,0.27,0.02,0.21,0.29,0.23,0,0,0.0396
810,0.27,0.14,0.09,0.36,0.17,0,0,0.0503
811,0.38,0.27,0.09,0.15,0.27,0,0,0.2917
812,0.08,0.22,0.34,0.29,0.14,0,0,0.1352
813,0.33,0.29,0.47,0.14,0.19,0,0,0.2443
814,0.11,0.03,0.27,0.27,0.17,0,0,0.1032
815,0.37,0.15,0.34,0.16,0.11,0,0,0.1368
816,0.34,0.21,0.30,0.13,0.12,0,0,0.0991
817,0.05,0.04,0.14,0.21,0.27,0,0,0.2468
818,0.67,0.68,0.41,0.74,0.63,1,1,0.9080
819,0.21,0.18,0.46,0.10,0.17,0,0,0.1824
820,0.21,0.02,0.09,0.13,0.05,0,0,0.1091
821,0.38,0.23,0.44,0.35,0.14,0,0,0.2339
822,0.36,0.27,0.22,0.34,0.19,0,0,0.0872
823,0.74,0.85,0.46,0.40,0.63,1,1,0.7884
824,0.92,0.58,0.58,0.51,0.38,1,1,0.8845
825,0.01,0.15,0.41,0.30,0.09,0,0,0.2581
826,0.28,0.12,0.26,0.22,0.09,0,0,0.1706
827,0.27,0.20,0.39,0.36,0.05,0,0,0.2608
828,0.21,0.10,0.49,0.12,0.20,0,0,0.1979
829,0.16,0.05,0.44,0.39,0.13,0,0,0.0820
830,0.83,0.93,0.69,0.33,0.45,1,1,0.9663
831,0.32,0.17,0.01,0.09,0.18,0,0,0.0844
832,0.71,0.67,0.51,0.46,0.56,1,1,0.7674
833,0.21,0.13,0.32,0.15,0.23,0,0,0.1167
834,0.33,0.06,0.19,0.36,0.24,0,0,0.0309
835,0.20,0.25,0.34,0.20,0.19,0,0,0.1278
836,0.96,0.55,0.79,0.51,0.30,1,1,0.9416
837,0.34,0.21,0.26,0.28,0.22,0,0,0.0124
838,0.74,0.53,0.83,0.32,0.57,1,1,0.8159
839,0.38,0.24,0.05,0.32,0.14,0,0,0.2201
840,0.37,0.04,0.07,0.12,0.28,0,0,0.1542
841,0.37,0.15,0.32,0.07,0.24,0,0,0.2730
842,0.61,0.90,0.50,0.45,0.40,1,1,0.7077
843,0.22,0.06,0.09,0.22,0.09,0,0,0.2229
844,0.66,0.76,0.67,0.31,0.51,1,1,0.8972
845,0.79,0.54,0.83,0.77,0.28,1,1,0.7262
846,0.36,0.22,0.17,0.38,0.03,0,0,0.1057
847,0.34,0.17,0.04,0.11,0.15,0,0,0.1517
848,0.11,0.05,0.31,0.21,0.09,0,0,0.1406
849,0.17,0.09,0.09,0.09,0.10,0,0,0.2769
850,0.15,0.05,0.37,0.09,0.24,0,0,0.2647
851,0.26,0.21,0.28,0.07,0.27,0,0,0.2140
852,0.24,0.21,0.09,0.33,0.28,0,0,0.1600
853,0.17,0.17,0.21,0.12,0.17,0,0,0.1413
854,0.01,0.05,0.01,0.26,0.28,0,0,0.2435
855,0.82,0.66,0.49,0.61,0.49,1,1,0.8653
856,0.17,0.04,0.40,0.06,0.14,0,0,0.0450
857,0.32,0.13,0.33,0.12,0.21,0,0,0.1309
858,0.82,0.82,0.43,0.75,0.36,1,1,0.7788
859,0.91,0.71,0.72,0.36,0.55,1,1,0.7144
860,0.85,0.83,0.77,0.44,0.24,1,1,0.9575
861,0.09,0.10,0.41,0.15,0.04,0,0,0.2523
862,0.04,0.14,0.01,0.18,0.18,0,0,0.0911
863,0.63,0.64,0.81,0.44,0.46,1,1,0.9856
864,0.39,0.18,0.37,0.18,0.21,0,0,0.2562
865,0.35,0.10,0.22,0.08,0.22,0,0,0.1706
866,0.28,0.11,0.28,0.15,0.24,0,0,0.2872
867,0.19,0.25,0.47,0.34,0.12,0,0,0.2241
868,0.04,0.05,0.19,0.30,0.04,0,0,0.1171
869,0.22,0.20,0.08,0.16,0.29,0,0,0.0847
870,0.90,0.84,0.74,0.70,0.32,1,1,0.7056
871,0.38,0.44,0.30,0.44,0.39,1,0,0.3683
872,0.39,0.15,0.49,0.21,0.16,0,0,0.1039
873,0.30,0.02,0.39,0.04,0.15,0,0,0.2559
874,0.18,0.08,0.35,0.25,0.07,0,0,0.1292
875,0.36,0.12,0.10,0.38,0.24,0,0,0.0924
876,0.27,0.12,0.45,0.15,0.15,0,0,0.0135
877,0.38,0.02,0.22,0.13,0.26,0,0,0.0934
878,0.21,0.08,0.04,0.18,0.21,0,0,0.1657
879,0.63,0.88,0.78,0.77,0.45,1,1,0.8601
880,0.67,0.51,0.73,0.65,0.37,1,1,0.7099
881,0.35,0.16,0.15,0.29,0.16,0,0,0.2673
882,0.98,0.59,0.50,0.33,0.59,1,1,0.9396
883,0.24,0.24,0.07,0.06,0.13,0,0,0.1044
884,0.74,0.51,0.75,0.59,0.60,1,1,0.8202
885,0.08,0.27,0.46,0.14,0.19,0,0,0.2223
886,0.35,0.43,0.34,0.44,0.15,1,0,0.3619
887,0.68,0.64,0.72,0.52,0.52,1,1,0.9785
888,0.30,0.28,0.43,0.03,0.07,0,0,0.2030
889,0.28,0.15,0.10,0.09,0.10,0,0,0.1843
890,0.26,0.12,0.33,0.17,0.13,0,0,0.0815
891,0.25,0.02,0.14,0.14,0.21,0,0,0.1685
892,0.07,0.12,0.09,0.05,0.25,0,0,0.2952
893,0.17,0.16,0.10,0.36,0.28,0,0,0.2319
894,0.67,0.92,0.76,0.57,0.44,1,1,0.8524
895,0.29,0.26,0.39,0.13,0.07,0,0,0.1764
896,0.82,0.88,0.85,0.49,0.33,1,1,0.9576
897,0.36,0.11,0.31,0.18,0.04,0,0,0.0274
898,0.77,0.55,0.83,0.50,0.41,1,1,0.9329
899,0.16,0.27,0.08,0.24,0.03,0,0,0.0357
900,0.35,0.15,0.05,0.09,0.13,0,0,0.2132
901,0.68,0.92,0.46,0.32,0.49,1,1,0.8631
902,0.35,0.24,0.17,0.06,0.11,0,0,0.0401
903,0.21,0.24,0.32,0.28,0.29,0,0,0.2285
904,0.28,0.17,0.07,0.06,0.22,0,0,0.0776
905,0.21,0.10,0.14,0.08,0.04,0,0,0.2472
906,0.39,0.22,0.06,0.09,0.05,0,0,0.2415
907,0.38,0.08,0.04,0.20,0.09,0,0,0.1309
908,0.21,0.03,0.27,0.09,0.12,0,0,0.0543
909,0.27,0.26,0.40,0.14,0.06,0,0,0.1539
910,0.66,0.89,0.55,0.35,0.30,1,1,0.9126
911,0.36,0.12,0.36,0.38,0.28,0,0,0.2783
912,0.35,0.19,0.23,0.22,0.21,0,0,0.1802
913,0.18,0.19,0.12,0.21,0.05,0,0,0.0763
914,0.06,0.16,0.43,0.38,0.28,0,0,0.1691
915,0.32,0.01,0.39,0.02,0.02,0,0,0.2127
916,0.32,0.18,0.06,0.37,0.23,0,0,0.1413
917,0.17,0.29,0.49,0.35,0.25,0,0,0.2435
918,0.85,0.73,0.44,0.73,0.31,1,1,0.9208
919,0.24,0.09,0.19,0.16,0.15,0,0,0.1190
920,0.29,0.08,0.08,0.19,0.05,0,0,0.1994
921,0.30,0.11,0.32,0.18,0.07,0,0,0.0163
922,0.68,0.88,0.50,0.39,0.41,1,1,0.9002
923,0.37,0.07,0.01,0.19,0.11,0,0,0.2741
924,0.72,0.79,0.48,0.51,0.59,1,1,0.8887
925,0.75,0.91,0.81,0.46,0.69,1,1,0.9701
926,0.67,0.31,0.17,0.44,0.29,1,0,0.4227
927,0.46,0.37,0.12,0.39,0.16,1,0,0.3831
928,0.38,0.42,0.32,0.29,0.30,1,0,0.3619
929,0.65,0.41,0.29,0.18,0.23,0,1,0.5369
930,0.47,0.49,0.14,0.36,0.13,1,0,0.4621
931,0.38,0.39,0.33,0.39,0.22,1,0,0.4079
932,0.40,0.33,0.13,0.12,0.20,0,1,0.6053
933,0.47,0.39,0.23,0.20,0.17,0,1,0.5369
934,0.34,0.37,0.26,0.42,0.27,1,0,0.4227
935,0.45,0.42,0.18,0.27,0.22,0,1,0.5898
936,0.40,0.47,0.30,0.25,0.33,1,0,0.3888
937,0.42,0.41,0.33,0.22,0.24,1,0,0.4556
938,0.44,0.40,0.29,0.37,0.13,1,0,0.4385
939,0.33,0.36,0.33,0.45,0.31,1,0,0.4323
940,0.46,0.39,0.15,0.26,0.12,0,1,0.5936
941,0.41,0.34,0.34,0.24,0.38,1,0,0.4705
942,0.45,0.35,0.26,0.14,0.19,0,1,0.5743
943,0.36,0.44,0.17,0.26,0.21,1,0,0.4018
944,0.46,0.40,0.20,0.31,0.13,0,1,0.6053
945,0.63,0.49,0.16,0.17,0.11,0,1,0.5401
946,0.32,0.44,0.25,0.32,0.20,1,0,0.3562
947,0.45,0.37,0.25,0.19,0.24,0,1,0.6339
948,0.36,0.43,0.21,0.33,0.39,1,0,0.3683
949,0.58,0.51,0.21,0.24,0.21,0,1,0.5186
950,0.44,0.39,0.18,0.38,0.14,1,0,0.4449
951,0.37,0.35,0.26,0.38,0.20,1,0,0.3888
952,0.44,0.36,0.28,0.35,0.27,1,0,0.3957
953,0.34,0.36,0.14,0.40,0.23,1,0,0.4811
954,0.41,0.51,0.20,0.32,0.14,0,1,0.5936
955,0.45,0.37,0.12,0.29,0.13,0,1,0.5224
956,0.43,0.46,0.23,0.39,0.16,1,0,0.4621
957,0.46,0.49,0.26,0.13,0.21,0,1,0.5401
958,0.57,0.41,0.22,0.18,0.27,0,1,0.6121
959,0.46,0.35,0.29,0.22,0.12,0,1,0.5611
960,0.32,0.41,0.33,0.27,0.38,1,0,0.3957
961,0.40,0.32,0.35,0.42,0.19,1,0,0.4323
962,0.46,0.45,0.23,0.33,0.17,0,1,0.5898
963,0.46,0.50,0.28,0.29,0.20,0,1,0.6121
964,0.43,0.41,0.20,0.19,0.25,0,1,0.5743
965,0.47,0.41,0.25,0.19,0.18,0,1,0.5224
966,0.36,0.45,0.31,0.30,0.32,1,0,0.4018
967,0.46,0.33,0.22,0.31,0.26,1,0,0.4150
968,0.54,0.42,0.25,0.27,0.22,0,1,0.6339
969,0.36,0.34,0.23,0.40,0.21,1,0,0.4150
970,0.35,0.39,0.21,0.32,0.16,1,0,0.3562
971,0.41,0.36,0.19,0.19,0.22,0,1,0.5611
972,0.43,0.41,0.17,0.34,0.15,0,1,0.6186
973,0.42,0.34,0.20,0.15,0.24,0,1,0.5186
974,0.38,0.47,0.29,0.31,0.16,1,0,0.4385
975,0.34,0.43,0.21,0.36,0.14,1,0,0.3742
976,0.44,0.52,0.29,0.29,0.22,0,1,0.6186
977,0.46,0.31,0.16,0.13,0.14,0,1,0.5478
978,0.44,0.55,0.22,0.12,0.17,0,1,0.5478
979,0.34,0.38,0.28,0.25,0.34,1,0,0.3742
980,0.46,0.54,0.20,0.11,0.27,0,1,0.6397
981,0.35,0.37,0.30,0.21,0.30,1,0,0.4276
982,0.40,0.45,0.31,0.39,0.27,1,0,0.4877
983,0.37,0.40,0.28,0.39,0.27,1,0,0.4276
984,0.42,0.58,0.25,0.29,0.23,0,1,0.6397
985,0.37,0.40,0.28,0.28,0.24,1,0,0.4556
986,0.42,0.39,0.30,0.24,0.16,1,0,0.4770
987,0.35,0.41,0.26,0.24,0.22,1,0,0.4621
988,0.43,0.36,0.30,0.31,0.21,1,0,0.4705
989,0.34,0.37,0.23,0.32,0.20,1,0,0.3831
990,0.37,0.42,0.29,0.26,0.31,1,0,0.4449
991,0.44,0.39,0.28,0.24,0.17,1,0,0.4150
992,0.33,0.39,0.25,0.33,0.27,1,0,0.4323
993,0.34,0.38,0.28,0.30,0.26,1,0,0.4227
994,0.34,0.41,0.28,0.28,0.27,1,0,0.3562
995,0.36,0.40,0.27,0.29,0.25,1,0,0.4079
996,0.35,0.43,0.26,0.29,0.27,1,0,0.3957
997,0.36,0.39,0.27,0.30,0.26,1,0,0.3683
998,0.35,0.37,0.25,0.27,0.23,1,0,0.4018
999,0.34,0.40,0.27,0.28,0.26,1,0,0.3888
1000,0.36,0.38,0.26,0.28,0.24,1,0,0.4811